-0.4755,0
-0.4705,0
-0.4655,0
-0.4605,0
-0.4555,0
-0.4505,0
-0.4455,0
-0.4405,0
-0.4355,0
-0.4305,0
-0.4255,0
-0.4205,0
-0.4155,0
-0.4105,0
-0.4055,0
-0.4005,0
-0.3955,0
-0.3905,0
-0.3855,0
-0.3805,0
-0.3755,0
-0.3705,0
-0.3655,0
-0.3605,0
-0.3555,0
-0.3505,0
-0.3455,0
-0.3405,0
-0.3355,0
-0.3306,0
-0.3256,0
-0.3206,0
-0.3156,0
-0.3106,0
-0.3056,0
-0.3006,0
-0.2956,0
-0.2906,0
-0.2856,0
-0.2806,0
-0.2756,0
-0.2706,0
-0.2656,0
-0.2606,0
-0.2556,0
-0.2506,0
-0.2456,0
-0.2406,0
-0.2356,0
-0.2306,0
-0.2256,0
-0.2206,0
-0.2156,0
-0.2106,0
-0.2056,0
-0.2006,0
-0.1956,0
-0.1906,0
-0.1856,0
-0.1806,0
-0.1756,0
-0.1706,0
-0.1656,0
-0.1606,0
-0.1556,0
-0.1506,0
-0.1456,0
-0.1406,0
-0.1356,0
-0.1306,0
-0.1256,0
-0.1206,0
-0.1156,0
-0.1106,0
-0.1056,0
-0.1006,0
-0.0956,0
-0.0906,0
-0.0856,0
-0.0806,0
-0.0756,0
-0.0706,3
-0.0656,5
-0.0606,17
-0.0556,41
-0.0506,149
-0.0456,348
-0.0406,823
-0.0356,1674
-0.0306,3119
-0.0256,5340
-0.0206,8104
-0.0156,11340
-0.0106,14718
-0.0056,17137
-0.0006,18102
0.0043,17635
0.0093,15330
0.0143,12289
0.0193,8811
0.0243,6034
0.0293,3456
0.0343,2003
0.0393,924
0.0443,425
0.0493,196
0.0543,98
0.0593,27
0.0643,12
0.0693,2
0.0743,0
0.0793,0
0.0843,0
0.0893,0
0.0943,0
0.0993,0
0.1043,0
0.1093,0
0.1143,0
0.1193,0
0.1243,0
0.1293,0
0.1343,0
0.1393,0
0.1443,329
0.1493,213
0.1543,173
0.1593,179
0.1643,124
0.1693,171
0.1743,0
0.1793,0
0.1843,0
0.1893,0
0.1943,0
0.1993,0
0.2043,0
0.2093,0
0.2143,0
0.2193,0
0.2243,0
0.2293,0
0.2343,0
0.2393,0
0.2443,0
0.2493,304
0.2543,797
0.2593,1353
0.2643,2092
0.2693,3001
0.2743,3693
0.2793,4268
0.2843,4820
0.2893,4523
0.2943,4275
0.2993,3776
0.3043,3091
0.3093,2352
0.3143,1936
0.3193,1481
0.3243,1013
0.3293,833
0.3342,706
0.3392,606
0.3442,672
0.3492,559
0.3542,616
0.3592,614
0.3642,510
0.3692,514
0.3742,429
0.3792,427
0.3842,514
0.3892,415
0.3942,368
0.3992,345
0.4042,386
0.4092,389
0.4142,389
0.4192,399
0.4242,331
0.4292,380
0.4342,387
0.4392,340
0.4442,372
0.4492,415
0.4542,354
0.4592,357
0.4642,330
0.4692,355
0.4742,369
0.4792,367
0.4842,354
0.4892,351
0.4942,397
0.4992,429
0.5042,429
0.5092,411
0.5142,398
0.5192,439
0.5242,420
0.5292,439
0.5342,428
0.5392,380
0.5442,338
0.5492,406
0.5542,353
0.5592,318
0.5642,309
0.5692,333
0.5742,230
0.5792,318
0.5842,288
0.5892,264
0.5942,287
0.5992,310
0.6042,239
0.6092,332
0.6142,263
0.6192,296
0.6242,284
0.6292,267
0.6342,226
0.6392,282
0.6442,296
0.6492,257
0.6542,239
0.6592,267
0.6642,237
0.6691,274
0.6741,242
0.6791,267
0.6841,248
0.6891,224
0.6941,204
0.6991,254
0.7041,228
0.7091,243
0.7141,197
0.7191,236
0.7241,203
0.7291,268
0.7341,211
0.7391,246
0.7441,230
0.7491,216
0.7541,269
0.7591,212
0.7641,219
0.7691,199
0.7741,216
0.7791,223
0.7841,256
0.7891,202
0.7941,189
0.7991,251
0.8041,236
0.8091,219
0.8141,274
0.8191,261
0.8241,266
0.8291,264
0.8341,273
0.8391,311
0.8441,365
0.8491,476
0.8541,492
0.8591,544
0.8641,638
0.8691,704
0.8741,831
0.8791,861
0.8841,846
0.8891,907
0.8941,936
0.8991,937
0.9041,910
0.9091,844
0.9141,839
0.9191,725
0.9241,820
0.9291,678
0.9341,704
0.9391,746
0.9441,887
0.9491,922
0.9541,1279
0.9591,1528
0.9641,1988
0.9691,2481
0.9741,3255
0.9791,4172
0.9841,5166
0.9891,6356
0.9941,7610
0.9991,8611
1.004,9591
1.009,10598
1.014,10870
1.019,11081
1.024,11030
1.029,10499
1.034,9390
1.039,8447
1.044,7312
1.049,6122
1.054,4953
1.059,3958
1.064,2998
1.069,2276
1.074,1618
1.079,1204
1.084,838
1.089,625
1.094,460
1.099,345
1.104,299
1.109,248
1.114,197
1.119,184
1.124,139
1.129,139
1.134,137
1.139,115
1.144,147
1.149,115
1.154,103
1.159,104
1.164,125
1.169,81
1.174,102
1.179,122
1.184,109
1.189,103
1.194,113
1.199,103
1.204,112
1.209,111
1.214,141
1.219,135
1.224,134
1.229,115
1.234,100
1.239,98
1.244,125
1.249,148
1.254,117
1.259,118
1.264,104
1.269,111
1.274,120
1.279,100
1.284,121
1.289,128
1.294,123
1.299,113
1.304,129
1.309,134
1.314,120
1.319,106
1.324,123
1.329,126
1.3339,122
1.3389,114
1.3439,96
1.3489,105
1.3539,122
1.3589,119
1.3639,146
1.3689,132
1.3739,90
1.3789,113
1.3839,117
1.3889,145
1.3939,119
1.3989,94
1.4039,110
1.4089,101
1.4139,129
1.4189,110
1.4239,98
1.4289,114
1.4339,138
1.4389,129
1.4439,118
1.4489,147
1.4539,119
1.4589,108
1.4639,132
1.4689,138
1.4739,131
1.4789,134
1.4839,130
1.4889,112
1.4939,101
1.4989,103
1.5039,108
1.5089,124
1.5139,124
1.5189,114
1.5239,126
1.5289,125
1.5339,103
1.5389,113
1.5439,97
1.5489,111
1.5539,117
1.5589,96
1.5639,99
1.5689,121
1.5739,99
1.5789,116
1.5839,127
1.5889,105
1.5939,113
1.5989,107
1.6039,139
1.6089,99
1.6139,95
1.6189,119
1.6239,112
1.6289,102
1.6339,119
1.6389,98
1.6439,118
1.6489,105
1.6539,105
1.6589,103
1.6639,102
1.6688,124
1.6738,106
1.6788,113
1.6838,145
1.6888,119
1.6938,106
1.6988,90
1.7038,136
1.7088,119
1.7138,157
1.7188,142
1.7238,172
1.7288,156
1.7338,156
1.7388,149
1.7438,171
1.7488,168
1.7538,158
1.7588,171
1.7638,160
1.7688,146
1.7738,159
1.7788,157
1.7838,138
1.7888,144
1.7938,157
1.7988,164
1.8038,155
1.8088,145
1.8138,154
1.8188,127
1.8238,134
1.8288,139
1.8338,134
1.8388,138
1.8438,119
1.8488,114
1.8538,117
1.8588,134
1.8638,135
1.8688,134
1.8738,141
1.8788,121
1.8838,94
1.8888,145
1.8938,133
1.8988,165
1.9038,129
1.9088,124
1.9138,142
1.9188,165
1.9238,175
1.9288,134
1.9338,118
1.9388,116
1.9438,129
1.9488,153
1.9538,130
1.9588,153
1.9638,132
1.9688,142
1.9738,124
1.9788,152
1.9838,139
1.9888,131
1.9938,160
1.9988,153
2.0037,187
2.0087,164
2.0137,136
2.0187,159
2.0237,148
2.0287,142
2.0337,190
2.0387,158
2.0437,133
2.0487,155
2.0537,126
2.0587,166
2.0637,164
2.0687,174
2.0737,171
2.0787,136
2.0837,157
2.0887,167
2.0937,182
2.0987,151
2.1037,117
2.1087,165
2.1137,109
2.1187,128
2.1237,111
2.1287,141
2.1337,161
2.1387,136
2.1437,146
2.1487,125
2.1537,157
2.1587,141
2.1637,134
2.1687,155
2.1737,134
2.1787,139
2.1837,131
2.1887,133
2.1937,137
2.1987,160
2.2037,155
2.2087,175
2.2137,158
2.2187,156
2.2237,138
2.2287,167
2.2337,146
2.2387,128
2.2437,149
2.2487,153
2.2537,129
2.2587,176
2.2637,132
2.2687,137
2.2737,155
2.2787,131
2.2837,172
2.2887,145
2.2937,146
2.2987,161
2.3037,169
2.3087,137
2.3137,149
2.3187,172
2.3237,147
2.3287,163
2.3336,171
2.3386,171
2.3436,138
2.3486,144
2.3536,140
2.3586,145
2.3636,184
2.3686,159
2.3736,164
2.3786,174
2.3836,144
2.3886,142
2.3936,140
2.3986,156
2.4036,149
2.4086,177
2.4136,156
2.4186,169
2.4236,149
2.4286,161
2.4336,155
2.4386,156
2.4436,147
2.4486,130
2.4536,144
2.4586,156
2.4636,156
2.4686,158
2.4736,156
2.4786,159
2.4836,134
2.4886,151
2.4936,145
2.4986,155
2.5036,193
2.5086,167
2.5136,162
2.5186,155
2.5236,146
2.5286,160
2.5336,178
2.5386,163
2.5436,182
2.5486,126
2.5536,175
2.5586,149
2.5636,172
2.5686,170
2.5736,165
2.5786,139
2.5836,179
2.5886,179
2.5936,170
2.5986,189
2.6036,156
2.6086,137
2.6136,183
2.6186,177
2.6236,166
2.6286,149
2.6336,170
2.6386,164
2.6436,171
2.6486,160
2.6536,172
2.6586,157
2.6636,170
2.6685,171
2.6735,173
2.6785,158
2.6835,174
2.6885,190
2.6935,199
2.6985,183
2.7035,161
2.7085,170
2.7135,194
2.7185,171
2.7235,176
2.7285,198
2.7335,172
2.7385,163
2.7435,155
2.7485,199
2.7535,149
2.7585,186
2.7635,181
2.7685,155
2.7735,163
2.7785,181
2.7835,176
2.7885,187
2.7935,175
2.7985,194
2.8035,200
2.8085,188
2.8135,166
2.8185,154
2.8235,166
2.8285,191
2.8335,208
2.8385,176
2.8435,154
2.8485,192
2.8535,166
2.8585,171
2.8635,169
2.8685,174
2.8735,181
2.8785,158
2.8835,204
2.8885,186
2.8935,183
2.8985,188
2.9035,191
2.9085,197
2.9135,198
2.9185,182
2.9235,165
2.9285,181
2.9335,173
2.9385,195
2.9435,181
2.9485,149
2.9535,174
2.9585,174
2.9635,159
2.9685,196
2.9735,184
2.9785,204
2.9835,166
2.9885,184
2.9935,186
2.9985,168
3.0034,168
3.0084,171
3.0134,179
3.0184,206
3.0234,195
3.0284,188
3.0334,174
3.0384,185
3.0434,160
3.0484,188
3.0534,179
3.0584,174
3.0634,210
3.0684,200
3.0734,204
3.0784,179
3.0834,196
3.0884,174
3.0934,209
3.0984,168
3.1034,197
3.1084,187
3.1134,154
3.1184,183
3.1234,186
3.1284,179
3.1334,203
3.1384,179
3.1434,175
3.1484,188
3.1534,213
3.1584,217
3.1634,199
3.1684,204
3.1734,207
3.1784,199
3.1834,188
3.1884,208
3.1934,183
3.1984,191
3.2034,177
3.2084,204
3.2134,177
3.2184,194
3.2234,167
3.2284,166
3.2334,177
3.2384,202
3.2434,171
3.2484,240
3.2534,202
3.2584,211
3.2634,194
3.2684,206
3.2734,167
3.2784,195
3.2834,210
3.2884,180
3.2934,188
3.2984,213
3.3034,168
3.3084,187
3.3134,196
3.3184,198
3.3234,193
3.3284,190
3.3333,205
3.3383,216
3.3433,195
3.3483,177
3.3533,255
3.3583,190
3.3633,206
3.3683,193
3.3733,177
3.3783,196
3.3833,196
3.3883,199
3.3933,190
3.3983,177
3.4033,211
3.4083,186
3.4133,183
3.4183,230
3.4233,201
3.4283,222
3.4333,192
3.4383,202
3.4433,228
3.4483,193
3.4533,182
3.4583,231
3.4633,224
3.4683,193
3.4733,172
3.4783,205
3.4833,210
3.4883,227
3.4933,210
3.4983,190
3.5033,226
3.5083,184
3.5133,212
3.5183,208
3.5233,220
3.5283,205
3.5333,212
3.5383,215
3.5433,224
3.5483,169
3.5533,198
3.5583,203
3.5633,189
3.5683,211
3.5733,202
3.5783,196
3.5833,205
3.5883,203
3.5933,211
3.5983,193
3.6033,191
3.6083,229
3.6133,232
3.6183,194
3.6233,232
3.6283,219
3.6333,203
3.6383,221
3.6433,222
3.6483,221
3.6533,189
3.6583,205
3.6633,223
3.6682,194
3.6732,189
3.6782,235
3.6832,202
3.6882,214
3.6932,184
3.6982,207
3.7032,231
3.7082,225
3.7132,205
3.7182,245
3.7232,226
3.7282,203
3.7332,204
3.7382,206
3.7432,228
3.7482,225
3.7532,217
3.7582,227
3.7632,212
3.7682,220
3.7732,179
3.7782,226
3.7832,202
3.7882,207
3.7932,215
3.7982,201
3.8032,202
3.8082,188
3.8132,173
3.8182,195
3.8232,195
3.8282,224
3.8332,239
3.8382,197
3.8432,198
3.8482,222
3.8532,221
3.8582,183
3.8632,229
3.8682,231
3.8732,192
3.8782,198
3.8832,212
3.8882,225
3.8932,219
3.8982,233
3.9032,207
3.9082,211
3.9132,230
3.9182,243
3.9232,203
3.9282,232
3.9332,204
3.9382,222
3.9432,228
3.9482,203
3.9532,210
3.9582,231
3.9632,226
3.9682,185
3.9732,205
3.9782,211
3.9832,210
3.9882,232
3.9932,210
3.9982,184
4.0031,213
4.0081,197
4.0131,207
4.0181,194
4.0231,238
4.0281,196
4.0331,206
4.0381,172
4.0431,218
4.0481,203
4.0531,179
4.0581,201
4.0631,244
4.0681,233
4.0731,203
4.0781,202
4.0831,219
4.0881,194
4.0931,203
4.0981,219
4.1031,192
4.1081,181
4.1131,181
4.1181,195
4.1231,189
4.1281,210
4.1331,217
4.1381,198
4.1431,223
4.1481,206
4.1531,213
4.1581,210
4.1631,207
4.1681,213
4.1731,219
4.1781,220
4.1831,191
4.1881,189
4.1931,215
4.1981,218
4.2031,186
4.2081,219
4.2131,245
4.2181,206
4.2231,230
4.2281,250
4.2331,195
4.2381,219
4.2431,206
4.2481,220
4.2531,226
4.2581,222
4.2631,198
4.2681,209
4.2731,184
4.2781,205
4.2831,241
4.2881,229
4.2931,213
4.2981,206
4.3031,184
4.3081,217
4.3131,214
4.3181,207
4.3231,246
4.3281,210
4.333,196
4.338,227
4.343,222
4.348,198
4.353,196
4.358,209
4.363,185
4.368,222
4.373,195
4.378,205
4.383,214
4.388,203
4.393,200
4.398,250
4.403,195
4.408,224
4.413,196
4.418,212
4.423,213
4.428,244
4.433,217
4.438,223
4.443,208
4.448,208
4.453,213
4.458,217
4.463,219
4.468,237
4.473,195
4.478,198
4.483,200
4.488,204
4.493,229
4.498,217
4.503,174
4.508,193
4.513,221
4.518,208
4.523,210
4.528,205
4.533,213
4.538,181
4.543,185
4.548,197
4.553,200
4.558,211
4.563,198
4.568,219
4.573,189
4.578,203
4.583,200
4.588,193
4.593,211
4.598,212
4.603,199
4.608,180
4.613,203
4.618,192
4.623,208
4.628,221
4.633,223
4.638,209
4.643,212
4.648,189
4.653,200
4.658,226
4.663,194
4.6679,222
4.6729,213
4.6779,190
4.6829,223
4.6879,219
4.6929,180
4.6979,216
4.7029,207
4.7079,228
4.7129,206
4.7179,211
4.7229,227
4.7279,179
4.7329,199
4.7379,189
4.7429,198
4.7479,209
4.7529,196
4.7579,194
4.7629,230
4.7679,188
4.7729,173
4.7779,191
4.7829,209
4.7879,176
4.7929,230
4.7979,211
4.8029,202
4.8079,208
4.8129,182
4.8179,187
4.8229,183
4.8279,198
4.8329,195
4.8379,212
4.8429,202
4.8479,187
4.8529,228
4.8579,205
4.8629,201
4.8679,201
4.8729,229
4.8779,192
4.8829,226
4.8879,186
4.8929,204
4.8979,184
4.9029,216
4.9079,182
4.9129,202
4.9179,201
4.9229,211
4.9279,199
4.9329,193
4.9379,178
4.9429,199
4.9479,199
4.9529,213
4.9579,197
4.9629,182
4.9679,196
4.9729,190
4.9779,185
4.9829,240
4.9879,200
4.9929,211
4.9979,210
5.0028,194
5.0078,191
5.0128,205
5.0178,194
5.0228,227
5.0278,205
5.0328,189
5.0378,191
5.0428,180
5.0478,175
5.0528,194
5.0578,213
5.0628,192
5.0678,213
5.0728,183
5.0778,219
5.0828,181
5.0878,195
5.0928,192
5.0978,173
5.1028,212
5.1078,183
5.1128,206
5.1178,180
5.1228,191
5.1278,220
5.1328,190
5.1378,178
5.1428,223
5.1478,175
5.1528,196
5.1578,199
5.1628,188
5.1678,194
5.1728,203
5.1778,218
5.1828,211
5.1878,202
5.1928,202
5.1978,177
5.2028,214
5.2078,224
5.2128,209
5.2178,211
5.2228,190
5.2278,185
5.2328,208
5.2378,235
5.2428,199
5.2478,202
5.2528,186
5.2578,217
5.2628,202
5.2678,226
5.2728,186
5.2778,185
5.2828,167
5.2878,238
5.2928,219
5.2978,211
5.3028,202
5.3078,240
5.3128,215
5.3178,173
5.3228,208
5.3278,187
5.3327,186
5.3377,203
5.3427,213
5.3477,184
5.3527,221
5.3577,183
5.3627,197
5.3677,221
5.3727,199
5.3777,177
5.3827,193
5.3877,217
5.3927,180
5.3977,183
5.4027,203
5.4077,218
5.4127,209
5.4177,205
5.4227,213
5.4277,189
5.4327,203
5.4377,231
5.4427,207
5.4477,209
5.4527,209
5.4577,202
5.4627,190
5.4677,228
5.4727,197
5.4777,197
5.4827,202
5.4877,194
5.4927,201
5.4977,185
5.5027,211
5.5077,187
5.5127,183
5.5177,185
5.5227,190
5.5277,194
5.5327,177
5.5377,200
5.5427,223
5.5477,170
5.5527,184
5.5577,190
5.5627,205
5.5677,188
5.5727,195
5.5777,204
5.5827,191
5.5877,179
5.5927,192
5.5977,212
5.6027,205
5.6077,210
5.6127,203
5.6177,186
5.6227,194
5.6277,160
5.6327,211
5.6377,203
5.6427,177
5.6477,221
5.6527,187
5.6577,183
5.6627,178
5.6676,178
5.6726,180
5.6776,176
5.6826,224
5.6876,173
5.6926,184
5.6976,175
5.7026,181
5.7076,226
5.7126,192
5.7176,195
5.7226,202
5.7276,172
5.7326,182
5.7376,201
5.7426,199
5.7476,196
5.7526,200
5.7576,194
5.7626,173
5.7676,196
5.7726,191
5.7776,173
5.7826,194
5.7876,199
5.7926,202
5.7976,207
5.8026,200
5.8076,202
5.8126,204
5.8176,203
5.8226,189
5.8276,230
5.8326,181
5.8376,190
5.8426,190
5.8476,200
5.8526,207
5.8576,163
5.8626,194
5.8676,185
5.8726,165
5.8776,166
5.8826,189
5.8876,184
5.8926,200
5.8976,200
5.9026,175
5.9076,193
5.9126,185
5.9176,211
5.9226,200
5.9276,191
5.9326,178
5.9376,179
5.9426,192
5.9476,172
5.9526,165
5.9576,193
5.9626,204
5.9676,180
5.9726,201
5.9776,174
5.9826,201
5.9876,204
5.9926,191
5.9976,158
6.0025,172
6.0075,195
6.0125,208
6.0175,191
6.0225,184
6.0275,185
6.0325,174
6.0375,167
6.0425,187
6.0475,189
6.0525,185
6.0575,190
6.0625,176
6.0675,174
6.0725,204
6.0775,166
6.0825,160
6.0875,226
6.0925,195
6.0975,191
6.1025,186
6.1075,184
6.1125,188
6.1175,196
6.1225,182
6.1275,174
6.1325,187
6.1375,197
6.1425,168
6.1475,187
6.1525,191
6.1575,162
6.1625,185
6.1675,178
6.1725,188
6.1775,196
6.1825,201
6.1875,149
6.1925,217
6.1975,199
6.2025,165
6.2075,180
6.2125,172
6.2175,180
6.2225,188
6.2275,188
6.2325,187
6.2375,177
6.2425,180
6.2475,181
6.2525,183
6.2575,189
6.2625,199
6.2675,177
6.2725,195
6.2775,178
6.2825,176
6.2875,183
6.2925,188
6.2975,187
6.3025,198
6.3075,187
6.3125,189
6.3175,197
6.3225,215
6.3275,191
6.3324,199
6.3374,215
6.3424,221
6.3474,246
6.3524,196
6.3574,226
6.3624,212
6.3674,243
6.3724,230
6.3774,244
6.3824,252
6.3874,265
6.3924,273
6.3974,297
6.4024,284
6.4074,262
6.4124,275
6.4174,293
6.4224,280
6.4274,259
6.4324,299
6.4374,321
6.4424,251
6.4474,253
6.4524,252
6.4574,272
6.4624,273
6.4674,263
6.4724,261
6.4774,252
6.4824,259
6.4874,236
6.4924,220
6.4974,207
6.5024,218
6.5074,209
6.5124,213
6.5174,193
6.5224,205
6.5274,201
6.5324,196
6.5374,202
6.5424,175
6.5474,185
6.5524,179
6.5574,170
6.5624,184
6.5674,174
6.5724,176
6.5774,141
6.5824,178
6.5874,187
6.5924,190
6.5974,180
6.6024,214
6.6074,173
6.6124,171
6.6174,163
6.6224,175
6.6274,181
6.6324,165
6.6374,186
6.6424,163
6.6474,181
6.6524,196
6.6574,172
6.6624,165
6.6673,185
6.6723,182
6.6773,177
6.6823,168
6.6873,148
6.6923,175
6.6973,170
6.7023,177
6.7073,172
6.7123,178
6.7173,162
6.7223,167
6.7273,151
6.7323,179
6.7373,201
6.7423,150
6.7473,167
6.7523,187
6.7573,163
6.7623,170
6.7673,188
6.7723,176
6.7773,171
6.7823,188
6.7873,163
6.7923,188
6.7973,173
6.8023,178
6.8073,169
6.8123,177
6.8173,173
6.8223,142
6.8273,144
6.8323,173
6.8373,156
6.8423,187
6.8473,164
6.8523,164
6.8573,159
6.8623,165
6.8673,175
6.8723,178
6.8773,183
6.8823,174
6.8873,173
6.8923,153
6.8973,167
6.9023,200
6.9073,184
6.9123,148
6.9173,167
6.9223,164
6.9273,188
6.9323,160
6.9373,200
6.9423,189
6.9473,169
6.9523,144
6.9573,185
6.9623,168
6.9673,168
6.9723,162
6.9773,160
6.9823,178
6.9873,164
6.9923,177
6.9973,144
7.0022,157
7.0072,178
7.0122,170
7.0172,189
7.0222,198
7.0272,187
7.0322,174
7.0372,159
7.0422,196
7.0472,179
7.0522,208
7.0572,168
7.0622,180
7.0672,220
7.0722,190
7.0772,194
7.0822,198
7.0872,182
7.0922,185
7.0972,179
7.1022,180
7.1072,204
7.1122,198
7.1172,178
7.1222,198
7.1272,179
7.1322,216
7.1372,155
7.1422,208
7.1472,165
7.1522,148
7.1572,160
7.1622,189
7.1672,191
7.1722,177
7.1772,157
7.1822,190
7.1872,175
7.1922,188
7.1972,192
7.2022,183
7.2072,157
7.2122,173
7.2172,185
7.2222,165
7.2272,181
7.2322,162
7.2372,184
7.2422,167
7.2472,151
7.2522,142
7.2572,134
7.2622,163
7.2672,177
7.2722,177
7.2772,161
7.2822,165
7.2872,138
7.2922,166
7.2972,180
7.3022,158
7.3072,169
7.3122,180
7.3172,156
7.3222,177
7.3272,173
7.3321,167
7.3371,173
7.3421,166
7.3471,177
7.3521,183
7.3571,164
7.3621,160
7.3671,201
7.3721,204
7.3771,198
7.3821,205
7.3871,214
7.3921,216
7.3971,230
7.4021,215
7.4071,271
7.4121,248
7.4171,255
7.4221,283
7.4271,294
7.4321,280
7.4371,293
7.4421,294
7.4471,327
7.4521,367
7.4571,393
7.4621,407
7.4671,382
7.4721,417
7.4771,428
7.4821,456
7.4871,428
7.4921,461
7.4971,421
7.5021,483
7.5071,460
7.5121,389
7.5171,430
7.5221,473
7.5271,458
7.5321,448
7.5371,396
7.5421,410
7.5471,409
7.5521,386
7.5571,368
7.5621,356
7.5671,324
7.5721,308
7.5771,309
7.5821,281
7.5871,256
7.5921,219
7.5971,272
7.6021,223
7.6071,256
7.6121,238
7.6171,200
7.6221,230
7.6271,186
7.6321,219
7.6371,193
7.6421,183
7.6471,192
7.6521,199
7.6571,186
7.6621,161
7.667,201
7.672,189
7.677,160
7.682,178
7.687,157
7.692,172
7.697,158
7.702,193
7.707,157
7.712,181
7.717,159
7.722,191
7.727,169
7.732,177
7.737,148
7.742,162
7.747,169
7.752,145
7.757,189
7.762,184
7.767,159
7.772,166
7.777,166
7.782,174
7.787,159
7.792,181
7.797,177
7.802,136
7.807,165
7.812,157
7.817,178
7.822,170
7.827,153
7.832,179
7.837,152
7.842,163
7.847,185
7.852,166
7.857,188
7.862,149
7.867,144
7.872,184
7.877,177
7.882,193
7.887,163
7.892,173
7.897,159
7.902,169
7.907,172
7.912,151
7.917,189
7.922,163
7.927,160
7.932,192
7.937,187
7.942,184
7.947,175
7.952,192
7.957,186
7.962,202
7.967,187
7.972,180
7.977,216
7.982,201
7.987,203
7.992,178
7.997,198
8.0019,187
8.0069,207
8.0119,228
8.0169,219
8.0219,229
8.0269,246
8.0319,242
8.0369,246
8.0419,264
8.0469,261
8.0519,259
8.0569,284
8.0619,247
8.0669,238
8.0719,272
8.0769,242
8.0819,271
8.0869,229
8.0919,256
8.0969,256
8.1019,262
8.1069,261
8.1119,260
8.1169,223
8.1219,242
8.1269,219
8.1319,241
8.1369,238
8.1419,234
8.1469,251
8.1519,193
8.1569,212
8.1619,234
8.1669,229
8.1719,220
8.1769,189
8.1819,236
8.1869,222
8.1919,216
8.1969,196
8.2019,218
8.2069,190
8.2119,215
8.2169,229
8.2219,226
8.2269,209
8.2319,211
8.2369,242
8.2419,203
8.2469,248
8.2519,252
8.2569,219
8.2619,261
8.2669,227
8.2719,258
8.2769,241
8.2819,221
8.2869,252
8.2919,236
8.2969,249
8.3019,243
8.3069,245
8.3119,250
8.3169,237
8.3219,247
8.3269,279
8.3318,233
8.3368,250
8.3418,233
8.3468,232
8.3518,251
8.3568,222
8.3618,282
8.3668,254
8.3718,247
8.3768,256
8.3818,252
8.3868,271
8.3918,236
8.3968,251
8.4018,240
8.4068,252
8.4118,261
8.4168,281
8.4218,262
8.4268,252
8.4318,289
8.4368,306
8.4418,288
8.4468,315
8.4518,339
8.4568,348
8.4618,351
8.4668,387
8.4718,357
8.4768,431
8.4818,421
8.4868,476
8.4918,522
8.4968,591
8.5018,643
8.5068,694
8.5118,757
8.5168,934
8.5218,940
8.5268,1054
8.5318,1249
8.5368,1396
8.5418,1547
8.5468,1849
8.5518,1995
8.5568,2172
8.5618,2464
8.5668,2584
8.5718,3006
8.5768,3287
8.5818,3559
8.5868,4002
8.5918,4294
8.5968,4702
8.6018,4990
8.6068,5375
8.6118,5724
8.6168,6023
8.6218,6335
8.6268,6590
8.6318,7027
8.6368,7217
8.6418,7466
8.6468,7560
8.6518,7698
8.6568,7934
8.6618,7783
8.6667,7911
8.6717,7835
8.6767,7547
8.6817,7326
8.6867,7379
8.6917,7180
8.6967,6725
8.7017,6664
8.7067,6166
8.7117,6004
8.7167,5587
8.7217,5376
8.7267,4835
8.7317,4511
8.7367,4191
8.7417,3844
8.7467,3413
8.7517,3141
8.7567,2853
8.7617,2593
8.7667,2308
8.7717,2055
8.7767,1737
8.7817,1534
8.7867,1393
8.7917,1194
8.7967,1052
8.8017,908
8.8067,802
8.8117,691
8.8167,623
8.8217,479
8.8267,448
8.8317,385
8.8367,351
8.8417,306
8.8467,284
8.8517,243
8.8567,222
8.8617,224
8.8667,180
8.8717,177
8.8767,178
8.8817,165
8.8867,167
8.8917,152
8.8967,153
8.9017,143
8.9067,155
8.9117,158
8.9167,156
8.9217,147
8.9267,141
8.9317,126
8.9367,143
8.9417,148
8.9467,124
8.9517,142
8.9567,123
8.9617,132
8.9667,136
8.9717,146
8.9767,124
8.9817,146
8.9867,150
8.9917,133
8.9967,139
9.0016,132
9.0066,137
9.0116,142
9.0166,127
9.0216,121
9.0266,126
9.0316,138
9.0366,145
9.0416,119
9.0466,132
9.0516,144
9.0566,133
9.0616,128
9.0666,149
9.0716,158
9.0766,149
9.0816,138
9.0866,131
9.0916,136
9.0966,120
9.1016,148
9.1066,133
9.1116,123
9.1166,136
9.1216,113
9.1266,143
9.1316,141
9.1366,124
9.1416,140
9.1466,125
9.1516,142
9.1566,140
9.1616,136
9.1666,128
9.1716,122
9.1766,128
9.1816,101
9.1866,137
9.1916,153
9.1966,115
9.2016,134
9.2066,113
9.2116,160
9.2166,129
9.2216,130
9.2266,129
9.2316,131
9.2366,111
9.2416,134
9.2466,122
9.2516,125
9.2566,129
9.2616,103
9.2666,133
9.2716,122
9.2766,121
9.2816,126
9.2866,122
9.2916,142
9.2966,130
9.3016,131
9.3066,147
9.3116,128
9.3166,127
9.3216,128
9.3266,122
9.3315,120
9.3365,138
9.3415,140
9.3465,126
9.3515,142
9.3565,129
9.3615,128
9.3665,154
9.3715,142
9.3765,135
9.3815,137
9.3865,157
9.3915,163
9.3965,158
9.4015,149
9.4065,199
9.4115,139
9.4165,159
9.4215,171
9.4265,176
9.4315,216
9.4365,206
9.4415,181
9.4465,205
9.4515,209
9.4565,258
9.4615,225
9.4665,278
9.4715,251
9.4765,306
9.4815,318
9.4865,322
9.4915,333
9.4965,410
9.5015,483
9.5065,459
9.5115,554
9.5165,502
9.5215,566
9.5265,617
9.5315,670
9.5365,709
9.5415,790
9.5465,729
9.5515,862
9.5565,879
9.5615,937
9.5665,1000
9.5715,1015
9.5765,1014
9.5815,1065
9.5865,1109
9.5915,1139
9.5965,1088
9.6015,1106
9.6065,1107
9.6115,1135
9.6165,1120
9.6215,1092
9.6265,1103
9.6315,1042
9.6365,1047
9.6415,985
9.6465,922
9.6515,908
9.6565,864
9.6615,799
9.6664,779
9.6714,740
9.6764,647
9.6814,629
9.6864,627
9.6914,553
9.6964,496
9.7014,484
9.7064,437
9.7114,414
9.7164,379
9.7214,349
9.7264,305
9.7314,259
9.7364,239
9.7414,209
9.7464,220
9.7514,201
9.7564,207
9.7614,148
9.7664,146
9.7714,145
9.7764,120
9.7814,115
9.7864,100
9.7914,108
9.7964,98
9.8014,87
9.8064,91
9.8114,89
9.8164,90
9.8214,91
9.8264,94
9.8314,83
9.8364,79
9.8414,98
9.8464,69
9.8514,74
9.8564,71
9.8614,72
9.8664,73
9.8714,68
9.8764,59
9.8814,84
9.8864,70
9.8914,58
9.8964,88
9.9014,86
9.9064,70
9.9114,68
9.9164,59
9.9214,78
9.9264,76
9.9314,71
9.9364,65
9.9414,72
9.9464,82
9.9514,75
9.9564,67
9.9614,74
9.9664,83
9.9714,76
9.9764,68
9.9814,65
9.9864,73
9.9914,67
9.9964,84
10.0013,78
10.0063,71
10.0113,68
10.0163,86
10.0213,66
10.0263,72
10.0313,72
10.0363,77
10.0413,75
10.0463,62
10.0513,90
10.0563,83
10.0613,79
10.0663,66
10.0713,87
10.0763,81
10.0813,61
10.0863,76
10.0913,87
10.0963,57
10.1013,75
10.1063,72
10.1113,89
10.1163,65
10.1213,72
10.1263,73
10.1313,75
10.1363,73
10.1413,72
10.1463,73
10.1513,67
10.1563,75
10.1613,75
10.1663,65
10.1713,79
10.1763,67
10.1813,73
10.1863,78
10.1913,66
10.1963,70
10.2013,72
10.2063,69
10.2113,81
10.2163,73
10.2213,80
10.2263,78
10.2313,89
10.2363,85
10.2413,76
10.2463,87
10.2513,96
10.2563,65
10.2613,93
10.2663,78
10.2713,58
10.2763,58
10.2813,57
10.2863,66
10.2913,70
10.2963,83
10.3013,66
10.3063,76
10.3113,79
10.3163,50
10.3213,65
10.3263,74
10.3312,65
10.3362,66
10.3412,75
10.3462,74
10.3512,54
10.3562,70
10.3612,66
10.3662,64
10.3712,81
10.3762,63
10.3812,75
10.3862,59
10.3912,77
10.3962,75
10.4012,77
10.4062,85
10.4112,81
10.4162,82
10.4212,72
10.4262,63
10.4312,75
10.4362,75
10.4412,74
10.4462,75
10.4512,74
10.4562,78
10.4612,95
10.4662,77
10.4712,61
10.4762,73
10.4812,70
10.4862,71
10.4912,76
10.4962,73
10.5012,70
10.5062,74
10.5112,56
10.5162,70
10.5212,72
10.5262,64
10.5312,75
10.5362,80
10.5412,69
10.5462,72
10.5512,85
10.5562,64
10.5612,82
10.5662,85
10.5712,69
10.5762,70
10.5812,65
10.5862,60
10.5912,76
10.5962,77
10.6012,70
10.6062,68
10.6112,78
10.6162,73
10.6212,87
10.6262,77
10.6312,67
10.6362,69
10.6412,76
10.6462,69
10.6512,59
10.6562,71
10.6612,73
10.6661,69
10.6711,72
10.6761,76
10.6811,72
10.6861,88
10.6911,63
10.6961,61
10.7011,82
10.7061,84
10.7111,74
10.7161,57
10.7211,74
10.7261,66
10.7311,76
10.7361,66
10.7411,58
10.7461,79
10.7511,76
10.7561,76
10.7611,71
10.7661,79
10.7711,78
10.7761,76
10.7811,62
10.7861,68
10.7911,82
10.7961,65
10.8011,77
10.8061,65
10.8111,73
10.8161,72
10.8211,71
10.8261,62
10.8311,73
10.8361,66
10.8411,62
10.8461,57
10.8511,71
10.8561,73
10.8611,57
10.8661,59
10.8711,61
10.8761,55
10.8811,53
10.8861,61
10.8911,50
10.8961,66
10.9011,79
10.9061,59
10.9111,81
10.9161,73
10.9211,65
10.9261,77
10.9311,59
10.9361,59
10.9411,68
10.9461,65
10.9511,76
10.9561,55
10.9611,67
10.9661,65
10.9711,66
10.9761,73
10.9811,65
10.9861,74
10.9911,58
10.9961,72
11.001,67
11.006,74
11.011,62
11.016,78
11.021,80
11.026,72
11.031,66
11.036,75
11.041,71
11.046,77
11.051,67
11.056,77
11.061,81
11.066,54
11.071,79
11.076,68
11.081,77
11.086,73
11.091,63
11.096,86
11.101,61
11.106,62
11.111,67
11.116,81
11.121,67
11.126,66
11.131,73
11.136,73
11.141,47
11.146,72
11.151,71
11.156,65
11.161,65
11.166,76
11.171,58
11.176,60
11.181,67
11.186,61
11.191,70
11.196,77
11.201,63
11.206,50
11.211,66
11.216,63
11.221,67
11.226,67
11.231,62
11.236,62
11.241,59
11.246,60
11.251,56
11.256,69
11.261,61
11.266,65
11.271,55
11.276,50
11.281,63
11.286,73
11.291,76
11.296,75
11.301,60
11.306,70
11.311,70
11.316,71
11.321,75
11.326,63
11.3309,82
11.3359,72
11.3409,61
11.3459,52
11.3509,70
11.3559,82
11.3609,72
11.3659,60
11.3709,58
11.3759,61
11.3809,73
11.3859,65
11.3909,56
11.3959,52
11.4009,57
11.4059,55
11.4109,59
11.4159,79
11.4209,72
11.4259,65
11.4309,70
11.4359,48
11.4409,62
11.4459,68
11.4509,84
11.4559,74
11.4609,63
11.4659,63
11.4709,66
11.4759,49
11.4809,69
11.4859,62
11.4909,76
11.4959,73
11.5009,64
11.5059,60
11.5109,58
11.5159,67
11.5209,71
11.5259,64
11.5309,80
11.5359,66
11.5409,61
11.5459,64
11.5509,72
11.5559,69
11.5609,50
11.5659,46
11.5709,61
11.5759,79
11.5809,73
11.5859,62
11.5909,60
11.5959,63
11.6009,62
11.6059,60
11.6109,71
11.6159,60
11.6209,76
11.6259,57
11.6309,50
11.6359,61
11.6409,56
11.6459,52
11.6509,41
11.6559,65
11.6609,75
11.6658,69
11.6708,56
11.6758,61
11.6808,55
11.6858,50
11.6908,79
11.6958,64
11.7008,60
11.7058,72
11.7108,55
11.7158,61
11.7208,68
11.7258,54
11.7308,56
11.7358,59
11.7408,50
11.7458,61
11.7508,77
11.7558,61
11.7608,58
11.7658,59
11.7708,64
11.7758,61
11.7808,68
11.7858,60
11.7908,78
11.7958,77
11.8008,63
11.8058,63
11.8108,68
11.8158,57
11.8208,52
11.8258,64
11.8308,63
11.8358,72
11.8408,79
11.8458,69
11.8508,58
11.8558,65
11.8608,58
11.8658,54
11.8708,66
11.8758,47
11.8808,65
11.8858,59
11.8908,55
11.8958,76
11.9008,55
11.9058,58
11.9108,65
11.9158,60
11.9208,54
11.9258,61
11.9308,60
11.9358,61
11.9408,51
11.9458,60
11.9508,74
11.9558,68
11.9608,59
11.9658,65
11.9708,61
11.9758,65
11.9808,63
11.9858,76
11.9908,66
11.9958,64
12.0007,75
12.0057,61
12.0107,57
12.0157,58
12.0207,68
12.0257,58
12.0307,57
12.0357,64
12.0407,68
12.0457,66
12.0507,61
12.0557,55
12.0607,71
12.0657,65
12.0707,62
12.0757,53
12.0807,64
12.0857,60
12.0907,56
12.0957,56
12.1007,57
12.1057,57
12.1107,59
12.1157,68
12.1207,54
12.1257,48
12.1307,59
12.1357,53
12.1407,70
12.1457,48
12.1507,57
12.1557,74
12.1607,49
12.1657,59
12.1707,56
12.1757,58
12.1807,57
12.1857,59
12.1907,63
12.1957,56
12.2007,63
12.2057,62
12.2107,60
12.2157,53
12.2207,50
12.2257,61
12.2307,52
12.2357,61
12.2407,58
12.2457,56
12.2507,68
12.2557,70
12.2607,73
12.2657,56
12.2707,58
12.2757,62
12.2807,66
12.2857,52
12.2907,54
12.2957,64
12.3007,48
12.3057,64
12.3107,56
12.3157,63
12.3207,48
12.3257,61
12.3306,47
12.3356,72
12.3406,44
12.3456,63
12.3506,53
12.3556,60
12.3606,57
12.3656,58
12.3706,46
12.3756,54
12.3806,63
12.3856,58
12.3906,68
12.3956,56
12.4006,59
12.4056,60
12.4106,59
12.4156,54
12.4206,52
12.4256,43
12.4306,64
12.4356,43
12.4406,53
12.4456,53
12.4506,62
12.4556,43
12.4606,64
12.4656,60
12.4706,53
12.4756,69
12.4806,57
12.4856,69
12.4906,59
12.4956,64
12.5006,54
12.5056,57
12.5106,64
12.5156,64
12.5206,71
12.5256,59
12.5306,52
12.5356,71
12.5406,58
12.5456,63
12.5506,55
12.5556,60
12.5606,64
12.5656,61
12.5706,67
12.5756,50
12.5806,58
12.5856,50
12.5906,67
12.5956,67
12.6006,55
12.6056,50
12.6106,55
12.6156,55
12.6206,59
12.6256,68
12.6306,46
12.6356,64
12.6406,68
12.6456,56
12.6506,55
12.6556,55
12.6606,57
12.6655,48
12.6705,57
12.6755,54
12.6805,50
12.6855,66
12.6905,54
12.6955,49
12.7005,51
12.7055,56
12.7105,65
12.7155,54
12.7205,47
12.7255,50
12.7305,59
12.7355,61
12.7405,49
12.7455,46
12.7505,71
12.7555,63
12.7605,60
12.7655,57
12.7705,60
12.7755,51
12.7805,62
12.7855,43
12.7905,50
12.7955,50
12.8005,60
12.8055,48
12.8105,50
12.8155,66
12.8205,64
12.8255,56
12.8305,46
12.8355,49
12.8405,51
12.8455,71
12.8505,51
12.8555,64
12.8605,72
12.8655,60
12.8705,53
12.8755,53
12.8805,51
12.8855,39
12.8905,58
12.8955,54
12.9005,42
12.9055,56
12.9105,52
12.9155,39
12.9205,64
12.9255,55
12.9305,53
12.9355,43
12.9405,46
12.9455,53
12.9505,49
12.9555,45
12.9605,37
12.9655,42
12.9705,53
12.9755,41
12.9805,45
12.9855,64
12.9905,51
12.9955,54
13.0004,49
13.0054,52
13.0104,39
13.0154,51
13.0204,53
13.0254,56
13.0304,52
13.0354,61
13.0404,60
13.0454,49
13.0504,65
13.0554,50
13.0604,57
13.0654,60
13.0704,55
13.0754,51
13.0804,52
13.0854,54
13.0904,57
13.0954,48
13.1004,48
13.1054,52
13.1104,58
13.1154,54
13.1204,47
13.1254,48
13.1304,36
13.1354,45
13.1404,55
13.1454,47
13.1504,56
13.1554,55
13.1604,55
13.1654,46
13.1704,57
13.1754,57
13.1804,45
13.1854,43
13.1904,51
13.1954,47
13.2004,48
13.2054,54
13.2104,66
13.2154,54
13.2204,60
13.2254,47
13.2304,55
13.2354,52
13.2404,49
13.2454,50
13.2504,46
13.2554,53
13.2604,49
13.2654,54
13.2704,56
13.2754,56
13.2804,60
13.2854,40
13.2904,38
13.2954,59
13.3004,52
13.3054,42
13.3104,44
13.3154,38
13.3204,41
13.3254,44
13.3303,64
13.3353,51
13.3403,50
13.3453,48
13.3503,47
13.3553,46
13.3603,46
13.3653,52
13.3703,57
13.3753,44
13.3803,52
13.3853,57
13.3903,53
13.3953,56
13.4003,51
13.4053,46
13.4103,52
13.4153,48
13.4203,55
13.4253,65
13.4303,48
13.4353,56
13.4403,64
13.4453,55
13.4503,51
13.4553,53
13.4603,46
13.4653,58
13.4703,56
13.4753,48
13.4803,34
13.4853,49
13.4903,53
13.4953,41
13.5003,51
13.5053,44
13.5103,46
13.5153,46
13.5203,45
13.5253,49
13.5303,51
13.5353,45
13.5403,48
13.5453,37
13.5503,51
13.5553,54
13.5603,38
13.5653,41
13.5703,44
13.5753,43
13.5803,51
13.5853,62
13.5903,41
13.5953,42
13.6003,39
13.6053,64
13.6103,53
13.6153,55
13.6203,50
13.6253,55
13.6303,50
13.6353,61
13.6403,49
13.6453,49
13.6503,48
13.6553,54
13.6603,43
13.6652,47
13.6702,56
13.6752,54
13.6802,56
13.6852,56
13.6902,46
13.6952,39
13.7002,63
13.7052,41
13.7102,36
13.7152,52
13.7202,36
13.7252,46
13.7302,43
13.7352,50
13.7402,46
13.7452,40
13.7502,58
13.7552,64
13.7602,34
13.7652,45
13.7702,32
13.7752,47
13.7802,43
13.7852,45
13.7902,46
13.7952,55
13.8002,50
13.8052,42
13.8102,37
13.8152,37
13.8202,46
13.8252,51
13.8302,41
13.8352,50
13.8402,48
13.8452,46
13.8502,64
13.8552,60
13.8602,51
13.8652,36
13.8702,51
13.8752,45
13.8802,52
13.8852,44
13.8902,40
13.8952,49
13.9002,36
13.9052,38
13.9102,39
13.9152,58
13.9202,54
13.9252,45
13.9302,49
13.9352,46
13.9402,43
13.9452,39
13.9502,51
13.9552,43
13.9602,40
13.9652,46
13.9702,36
13.9752,54
13.9802,42
13.9852,42
13.9902,39
13.9952,37
14.0001,42
14.0051,34
14.0101,38
14.0151,56
14.0201,52
14.0251,50
14.0301,37
14.0351,29
14.0401,44
14.0451,42
14.0501,51
14.0551,40
14.0601,59
14.0651,51
14.0701,58
14.0751,44
14.0801,40
14.0851,45
14.0901,40
14.0951,52
14.1001,39
14.1051,51
14.1101,53
14.1151,43
14.1201,66
14.1251,56
14.1301,41
14.1351,43
14.1401,47
14.1451,44
14.1501,47
14.1551,49
14.1601,58
14.1651,45
14.1701,41
14.1751,50
14.1801,49
14.1851,38
14.1901,40
14.1951,42
14.2001,53
14.2051,40
14.2101,49
14.2151,43
14.2201,37
14.2251,41
14.2301,57
14.2351,43
14.2401,40
14.2451,47
14.2501,52
14.2551,45
14.2601,42
14.2651,30
14.2701,37
14.2751,42
14.2801,41
14.2851,49
14.2901,41
14.2951,55
14.3001,38
14.3051,48
14.3101,46
14.3151,46
14.3201,40
14.3251,46
14.33,55
14.335,44
14.34,40
14.345,31
14.35,42
14.355,50
14.36,35
14.365,44
14.37,31
14.375,44
14.38,50
14.385,44
14.39,49
14.395,47
14.4,43
14.405,46
14.41,38
14.415,40
14.42,35
14.425,36
14.43,38
14.435,42
14.44,44
14.445,41
14.45,40
14.455,37
14.46,46
14.465,50
14.47,52
14.475,40
14.48,47
14.485,55
14.49,45
14.495,34
14.5,43
14.505,40
14.51,50
14.515,51
14.52,30
14.525,40
14.53,45
14.535,35
14.54,43
14.545,46
14.55,37
14.555,57
14.56,44
14.565,45
14.57,35
14.575,42
14.58,42
14.585,39
14.59,41
14.595,44
14.6,51
14.605,40
14.61,46
14.615,35
14.62,36
14.625,50
14.63,56
14.635,41
14.64,45
14.645,42
14.65,46
14.655,43
14.66,47
14.6649,35
14.6699,34
14.6749,34
14.6799,37
14.6849,52
14.6899,48
14.6949,46
14.6999,44
14.7049,41
14.7099,47
14.7149,36
14.7199,40
14.7249,32
14.7299,45
14.7349,35
14.7399,32
14.7449,32
14.7499,55
14.7549,36
14.7599,22
14.7649,42
14.7699,39
14.7749,36
14.7799,36
14.7849,41
14.7899,43
14.7949,52
14.7999,33
14.8049,45
14.8099,40
14.8149,34
14.8199,45
14.8249,31
14.8299,40
14.8349,39
14.8399,42
14.8449,49
14.8499,35
14.8549,44
14.8599,44
14.8649,37
14.8699,34
14.8749,40
14.8799,47
14.8849,35
14.8899,54
14.8949,41
14.8999,46
14.9049,38
14.9099,39
14.9149,38
14.9199,45
14.9249,40
14.9299,51
14.9349,27
14.9399,37
14.9449,36
14.9499,36
14.9549,43
14.9599,34
14.9649,47
14.9699,36
14.9749,37
14.9799,38
14.9849,33
14.9899,34
14.9949,43
14.9998,36
15.0048,37
15.0098,36
15.0148,41
15.0198,41
15.0248,37
15.0298,41
15.0348,35
15.0398,29
15.0448,54
15.0498,44
15.0548,35
15.0598,36
15.0648,49
15.0698,40
15.0748,40
15.0798,41
15.0848,39
15.0898,36
15.0948,48
15.0998,35
15.1048,44
15.1098,39
15.1148,39
15.1198,29
15.1248,38
15.1298,44
15.1348,50
15.1398,38
15.1448,40
15.1498,31
15.1548,35
15.1598,47
15.1648,48
15.1698,33
15.1748,34
15.1798,31
15.1848,46
15.1898,36
15.1948,39
15.1998,43
15.2048,43
15.2098,38
15.2148,30
15.2198,31
15.2248,40
15.2298,34
15.2348,43
15.2398,33
15.2448,37
15.2498,37
15.2548,39
15.2598,41
15.2648,34
15.2698,56
15.2748,39
15.2798,31
15.2848,40
15.2898,44
15.2948,33
15.2998,31
15.3048,46
15.3098,33
15.3148,45
15.3198,42
15.3248,38
15.3297,42
15.3347,53
15.3397,37
15.3447,33
15.3497,33
15.3547,37
15.3597,41
15.3647,35
15.3697,34
15.3747,29
15.3797,37
15.3847,33
15.3897,48
15.3947,38
15.3997,45
15.4047,44
15.4097,35
15.4147,33
15.4197,45
15.4247,41
15.4297,29
15.4347,40
15.4397,31
15.4447,32
15.4497,47
15.4547,35
15.4597,30
15.4647,38
15.4697,47
15.4747,25
15.4797,37
15.4847,37
15.4897,36
15.4947,31
15.4997,33
15.5047,37
15.5097,35
15.5147,42
15.5197,34
15.5247,42
15.5297,34
15.5347,32
15.5397,50
15.5447,40
15.5497,44
15.5547,36
15.5597,33
15.5647,29
15.5697,36
15.5747,29
15.5797,41
15.5847,37
15.5897,33
15.5947,47
15.5997,39
15.6047,36
15.6097,44
15.6147,41
15.6197,40
15.6247,43
15.6297,35
15.6347,50
15.6397,41
15.6447,36
15.6497,38
15.6547,41
15.6597,39
15.6646,45
15.6696,50
15.6746,46
15.6796,51
15.6846,41
15.6896,46
15.6946,59
15.6996,57
15.7046,42
15.7096,61
15.7146,56
15.7196,59
15.7246,44
15.7296,44
15.7346,66
15.7396,49
15.7446,62
15.7496,42
15.7546,59
15.7596,60
15.7646,49
15.7696,69
15.7746,58
15.7796,70
15.7846,49
15.7896,42
15.7946,61
15.7996,65
15.8046,52
15.8096,61
15.8146,59
15.8196,51
15.8246,40
15.8296,65
15.8346,55
15.8396,62
15.8446,62
15.8496,59
15.8546,88
15.8596,65
15.8646,63
15.8696,69
15.8746,52
15.8796,67
15.8846,68
15.8896,50
15.8946,61
15.8996,60
15.9046,35
15.9096,43
15.9146,37
15.9196,46
15.9246,39
15.9296,30
15.9346,40
15.9396,49
15.9446,48
15.9496,45
15.9546,31
15.9596,36
15.9646,44
15.9696,39
15.9746,30
15.9796,44
15.9846,45
15.9896,39
15.9946,40
15.9995,48
16.0045,36
16.0095,42
16.0145,33
16.0195,37
16.0245,32
16.0295,28
16.0345,29
16.0395,27
16.0445,33
16.0495,32
16.0545,27
16.0595,33
16.0645,42
16.0695,32
16.0745,27
16.0795,34
16.0845,20
16.0895,34
16.0945,24
16.0995,29
16.1045,33
16.1095,27
16.1145,33
16.1195,32
16.1245,35
16.1295,28
16.1345,32
16.1395,32
16.1445,26
16.1495,34
16.1545,33
16.1595,26
16.1645,30
16.1695,33
16.1745,44
16.1795,31
16.1845,27
16.1895,34
16.1945,35
16.1995,36
16.2045,42
16.2095,25
16.2145,36
16.2195,32
16.2245,35
16.2295,24
16.2345,24
16.2395,49
16.2445,25
16.2495,31
16.2545,27
16.2595,28
16.2645,27
16.2695,42
16.2745,27
16.2795,40
16.2845,32
16.2895,26
16.2945,34
16.2995,40
16.3045,40
16.3095,27
16.3145,35
16.3195,32
16.3245,39
16.3294,29
16.3344,24
16.3394,38
16.3444,27
16.3494,27
16.3544,33
16.3594,28
16.3644,26
16.3694,35
16.3744,26
16.3794,35
16.3844,27
16.3894,31
16.3944,27
16.3994,28
16.4044,47
16.4094,24
16.4144,26
16.4194,40
16.4244,25
16.4294,36
16.4344,33
16.4394,24
16.4444,34
16.4494,30
16.4544,33
16.4594,36
16.4644,27
16.4694,30
16.4744,35
16.4794,28
16.4844,34
16.4894,32
16.4944,39
16.4994,27
16.5044,21
16.5094,27
16.5144,38
16.5194,24
16.5244,38
16.5294,32
16.5344,36
16.5394,31
16.5444,30
16.5494,33
16.5544,22
16.5594,53
16.5644,27
16.5694,35
16.5744,33
16.5794,23
16.5844,37
16.5894,23
16.5944,31
16.5994,31
16.6044,26
16.6094,27
16.6144,23
16.6194,35
16.6244,29
16.6294,29
16.6344,32
16.6394,20
16.6444,32
16.6494,28
16.6544,33
16.6594,35
16.6643,27
16.6693,27
16.6743,22
16.6793,24
16.6843,18
16.6893,34
16.6943,27
16.6993,30
16.7043,27
16.7093,34
16.7143,35
16.7193,21
16.7243,26
16.7293,32
16.7343,29
16.7393,28
16.7443,38
16.7493,26
16.7543,26
16.7593,29
16.7643,34
16.7693,30
16.7743,35
16.7793,44
16.7843,33
16.7893,34
16.7943,35
16.7993,34
16.8043,29
16.8093,23
16.8143,31
16.8193,30
16.8243,30
16.8293,22
16.8343,31
16.8393,27
16.8443,26
16.8493,29
16.8543,30
16.8593,27
16.8643,37
16.8693,25
16.8743,32
16.8793,20
16.8843,31
16.8893,31
16.8943,26
16.8993,34
16.9043,34
16.9093,30
16.9143,20
16.9193,28
16.9243,37
16.9293,36
16.9343,41
16.9393,30
16.9443,25
16.9493,31
16.9543,27
16.9593,29
16.9643,26
16.9693,29
16.9743,20
16.9793,28
16.9843,35
16.9893,22
16.9943,25
16.9992,33
17.0042,23
17.0092,28
17.0142,21
17.0192,29
17.0242,31
17.0292,25
17.0342,32
17.0392,36
17.0442,25
17.0492,31
17.0542,30
17.0592,23
17.0642,37
17.0692,22
17.0742,27
17.0792,23
17.0842,19
17.0892,28
17.0942,32
17.0992,30
17.1042,39
17.1092,24
17.1142,26
17.1192,25
17.1242,26
17.1292,27
17.1342,27
17.1392,28
17.1442,38
17.1492,27
17.1542,26
17.1592,24
17.1642,26
17.1692,35
17.1742,31
17.1792,41
17.1842,38
17.1892,24
17.1942,29
17.1992,26
17.2042,25
17.2092,29
17.2142,28
17.2192,21
17.2242,23
17.2292,35
17.2342,34
17.2392,23
17.2442,24
17.2492,22
17.2542,34
17.2592,34
17.2642,37
17.2692,24
17.2742,34
17.2792,35
17.2842,26
17.2892,34
17.2942,22
17.2992,30
17.3042,29
17.3092,34
17.3142,38
17.3192,21
17.3242,23
17.3291,29
17.3341,29
17.3391,22
17.3441,28
17.3491,15
17.3541,20
17.3591,24
17.3641,18
17.3691,22
17.3741,29
17.3791,33
17.3841,29
17.3891,15
17.3941,33
17.3991,29
17.4041,21
17.4091,26
17.4141,23
17.4191,23
17.4241,29
17.4291,26
17.4341,30
17.4391,21
17.4441,29
17.4491,23
17.4541,31
17.4591,21
17.4641,14
17.4691,22
17.4741,20
17.4791,26
17.4841,27
17.4891,26
17.4941,28
17.4991,26
17.5041,24
17.5091,20
17.5141,29
17.5191,22
17.5241,27
17.5291,26
17.5341,25
17.5391,23
17.5441,18
17.5491,25
17.5541,39
17.5591,27
17.5641,28
17.5691,27
17.5741,24
17.5791,26
17.5841,26
17.5891,28
17.5941,26
17.5991,29
17.6041,20
17.6091,29
17.6141,37
17.6191,26
17.6241,23
17.6291,25
17.6341,24
17.6391,21
17.6441,35
17.6491,17
17.6541,28
17.6591,37
17.664,39
17.669,30
17.674,31
17.679,30
17.684,31
17.689,37
17.694,29
17.699,38
17.704,39
17.709,28
17.714,38
17.719,21
17.724,25
17.729,32
17.734,28
17.739,19
17.744,26
17.749,26
17.754,27
17.759,39
17.764,34
17.769,22
17.774,28
17.779,22
17.784,24
17.789,23
17.794,22
17.799,24
17.804,27
17.809,20
17.814,28
17.819,36
17.824,22
17.829,21
17.834,25
17.839,25
17.844,26
17.849,25
17.854,30
17.859,31
17.864,22
17.869,28
17.874,28
17.879,21
17.884,24
17.889,26
17.894,38
17.899,29
17.904,19
17.909,23
17.914,23
17.919,28
17.924,34
17.929,23
17.934,34
17.939,24
17.944,32
17.949,18
17.954,21
17.959,25
17.964,26
17.969,29
17.974,23
17.979,15
17.984,20
17.989,28
17.994,23
17.9989,31
18.0039,20
18.0089,26
18.0139,19
18.0189,17
18.0239,24
18.0289,21
18.0339,30
18.0389,19
18.0439,22
18.0489,27
18.0539,34
18.0589,20
18.0639,27
18.0689,26
18.0739,26
18.0789,23
18.0839,26
18.0889,21
18.0939,25
18.0989,26
18.1039,27
18.1089,21
18.1139,19
18.1189,30
18.1239,18
18.1289,16
18.1339,18
18.1389,19
18.1439,25
18.1489,26
18.1539,23
18.1589,21
18.1639,20
18.1689,20
18.1739,31
18.1789,26
18.1839,20
18.1889,22
18.1939,19
18.1989,22
18.2039,19
18.2089,21
18.2139,18
18.2189,25
18.2239,23
18.2289,20
18.2339,19
18.2389,21
18.2439,19
18.2489,28
18.2539,22
18.2589,23
18.2639,22
18.2689,30
18.2739,22
18.2789,23
18.2839,21
18.2889,20
18.2939,29
18.2989,29
18.3039,17
18.3089,24
18.3139,17
18.3189,24
18.3239,34
18.3288,16
18.3338,24
18.3388,24
18.3438,21
18.3488,20
18.3538,20
18.3588,28
18.3638,28
18.3688,23
18.3738,17
18.3788,24
18.3838,18
18.3888,27
18.3938,13
18.3988,16
18.4038,27
18.4088,20
18.4138,15
18.4188,22
18.4238,18
18.4288,14
18.4338,12
18.4388,17
18.4438,24
18.4488,19
18.4538,24
18.4588,19
18.4638,17
18.4688,23
18.4738,21
18.4788,20
18.4838,22
18.4888,22
18.4938,16
18.4988,20
18.5038,15
18.5088,23
18.5138,20
18.5188,18
18.5238,20
18.5288,16
18.5338,25
18.5388,21
18.5438,18
18.5488,15
18.5538,22
18.5588,21
18.5638,21
18.5688,14
18.5738,22
18.5788,20
18.5838,12
18.5888,28
18.5938,17
18.5988,18
18.6038,22
18.6088,19
18.6138,12
18.6188,20
18.6238,18
18.6288,17
18.6338,18
18.6388,18
18.6438,26
18.6488,18
18.6538,19
18.6588,16
18.6637,25
18.6687,17
18.6737,19
18.6787,17
18.6837,16
18.6887,25
18.6937,15
18.6987,14
18.7037,13
18.7087,15
18.7137,32
18.7187,19
18.7237,23
18.7287,25
18.7337,23
18.7387,19
18.7437,19
18.7487,19
18.7537,21
18.7587,11
18.7637,15
18.7687,17
18.7737,16
18.7787,16
18.7837,19
18.7887,20
18.7937,24
18.7987,15
18.8037,16
18.8087,31
18.8137,20
18.8187,24
18.8237,20
18.8287,17
18.8337,24
18.8387,24
18.8437,18
18.8487,16
18.8537,26
18.8587,7
18.8637,14
18.8687,22
18.8737,25
18.8787,19
18.8837,20
18.8887,15
18.8937,14
18.8987,19
18.9037,18
18.9087,26
18.9137,25
18.9187,15
18.9237,19
18.9287,16
18.9337,18
18.9387,17
18.9437,19
18.9487,13
18.9537,17
18.9587,21
18.9637,20
18.9687,17
18.9737,13
18.9787,21
18.9837,19
18.9887,11
18.9937,21
18.9986,21
19.0036,14
19.0086,20
19.0136,8
19.0186,23
19.0236,16
19.0286,17
19.0336,16
19.0386,18
19.0436,17
19.0486,21
19.0536,15
19.0586,21
19.0636,22
19.0686,15
19.0736,14
19.0786,13
19.0836,22
19.0886,20
19.0936,22
19.0986,17
19.1036,20
19.1086,16
19.1136,15
19.1186,11
19.1236,20
19.1286,18
19.1336,20
19.1386,26
19.1436,20
19.1486,19
19.1536,11
19.1586,15
19.1636,14
19.1686,24
19.1736,18
19.1786,22
19.1836,26
19.1886,18
19.1936,21
19.1986,22
19.2036,14
19.2086,16
19.2136,21
19.2186,20
19.2236,28
19.2286,14
19.2336,12
19.2386,16
19.2436,12
19.2486,19
19.2536,17
19.2586,17
19.2636,13
19.2686,17
19.2736,13
19.2786,19
19.2836,15
19.2886,15
19.2936,16
19.2986,28
19.3036,11
19.3086,14
19.3136,22
19.3186,13
19.3236,15
19.3285,12
19.3335,23
19.3385,16
19.3435,22
19.3485,19
19.3535,18
19.3585,16
19.3635,16
19.3685,18
19.3735,25
19.3785,20
19.3835,17
19.3885,10
19.3935,18
19.3985,18
19.4035,23
19.4085,15
19.4135,17
19.4185,14
19.4235,16
19.4285,17
19.4335,19
19.4385,13
19.4435,17
19.4485,20
19.4535,17
19.4585,10
19.4635,13
19.4685,11
19.4735,11
19.4785,15
19.4835,14
19.4885,20
19.4935,17
19.4985,19
19.5035,25
19.5085,18
19.5135,18
19.5185,15
19.5235,17
19.5285,19
19.5335,20
19.5385,15
19.5435,16
19.5485,15
19.5535,18
19.5585,13
19.5635,12
19.5685,10
19.5735,11
19.5785,21
19.5835,8
19.5885,16
19.5935,18
19.5985,14
19.6035,17
19.6085,17
19.6135,15
19.6185,20
19.6235,17
19.6285,14
19.6335,22
19.6385,16
19.6435,21
19.6485,12
19.6535,17
19.6585,19
19.6634,19
19.6684,17
19.6734,13
19.6784,20
19.6834,12
19.6884,20
19.6934,10
19.6984,15
19.7034,11
19.7084,18
19.7134,11
19.7184,14
19.7234,16
19.7284,9
19.7334,21
19.7384,14
19.7434,20
19.7484,23
19.7534,23
19.7584,16
19.7634,14
19.7684,20
19.7734,24
19.7784,18
19.7834,15
19.7884,10
19.7934,17
19.7984,14
19.8034,28
19.8084,14
19.8134,14
19.8184,17
19.8234,16
19.8284,15
19.8334,10
19.8384,12
19.8434,16
19.8484,12
19.8534,20
19.8584,22
19.8634,22
19.8684,17
19.8734,17
19.8784,15
19.8834,18
19.8884,17
19.8934,11
19.8984,11
19.9034,17
19.9084,15
19.9134,11
19.9184,18
19.9234,15
19.9284,18
19.9334,11
19.9384,17
19.9434,10
19.9484,8
19.9534,8
19.9584,11
19.9634,13
19.9684,9
19.9734,13
19.9784,19
19.9834,19
19.9884,11
19.9934,10
